ZZZV0OKBWR414, https://planning.southwark.gov.uk/online-applications/applicationDetails.do?activeTab=documents&keyVal=ZZZV0OKBWR414, https://planning.southwark.gov.uk/online-applications/files/7DD74AFDDBEAEE5CD23E55E697521959/pdf/18_AP_3551-Viability_Report-728855.pdf
ZZZV0OKBWR414, https://planning.southwark.gov.uk/online-applications/applicationDetails.do?activeTab=documents&keyVal=ZZZV0OKBWR414, https://planning.southwark.gov.uk/online-applications/files/080C78140099F4E189218F552BEA676D/pdf/18_AP_3551-Viability_Report-729524.pdf
ZZZV0OKBWR414, https://planning.southwark.gov.uk/online-applications/applicationDetails.do?activeTab=documents&keyVal=ZZZV0OKBWR414, https://planning.southwark.gov.uk/online-applications/files/BEB4F6DD8E9DD45DF46AE9F5E2889D27/pdf/18_AP_3551-Viability_Report-731364.pdf
ZZZV0OKBWR414, https://planning.southwark.gov.uk/online-applications/applicationDetails.do?activeTab=documents&keyVal=ZZZV0OKBWR414, https://planning.southwark.gov.uk/online-applications/files/9BD50B42B727CAC586E2AC6150FD1F97/pdf/18_AP_3551-Viability_Report-757035.pdf
ZZZV0OKBWR414, https://planning.southwark.gov.uk/online-applications/applicationDetails.do?activeTab=documents&keyVal=ZZZV0OKBWR414, https://planning.southwark.gov.uk/online-applications/files/D8248133B09998764E6C763CB82E1D80/pdf/18_AP_3551-Viability_Report-761627.pdf
ZZZV0OKBWR414, https://planning.southwark.gov.uk/online-applications/applicationDetails.do?activeTab=documents&keyVal=ZZZV0OKBWR414, https://planning.southwark.gov.uk/online-applications/files/265323679C9158FDCC63B1F20F247864/pdf/18_AP_3551-Viability_Report-775353.pdf
ZZZV0OKBWR414, https://planning.southwark.gov.uk/online-applications/applicationDetails.do?activeTab=documents&keyVal=ZZZV0OKBWR414, https://planning.southwark.gov.uk/online-applications/files/C4977382A001C069092129ACD36287AD/pdf/18_AP_3551-Viability_Report-779113.pdf
ZZZV0OKBWR414, https://planning.southwark.gov.uk/online-applications/applicationDetails.do?activeTab=documents&keyVal=ZZZV0OKBWR414, https://planning.southwark.gov.uk/online-applications/files/C52E4FDBF2D70D199424FA3359654528/pdf/18_AP_3551-Viability_Report-693216.pdf
