ZZZV0PKBWR434, https://planning.southwark.gov.uk/online-applications/applicationDetails.do?activeTab=documents&keyVal=ZZZV0PKBWR434, https://planning.southwark.gov.uk/online-applications/files/40663F0E7A24BBB6C1AFECBB74ACA338/pdf/18_AP_0737-Viability_Report-661093.pdf
ZZZV0PKBWR434, https://planning.southwark.gov.uk/online-applications/applicationDetails.do?activeTab=documents&keyVal=ZZZV0PKBWR434, https://planning.southwark.gov.uk/online-applications/files/525524319B0B905D87FAAA80B97F3231/pdf/18_AP_0737-Viability_Report-491224.pdf
ZZZV0PKBWR434, https://planning.southwark.gov.uk/online-applications/applicationDetails.do?activeTab=documents&keyVal=ZZZV0PKBWR434, https://planning.southwark.gov.uk/online-applications/files/21282BCC593166416C382BDF7B959BBC/pdf/18_AP_0737-Viability_Report-551557.pdf
ZZZV0PKBWR434, https://planning.southwark.gov.uk/online-applications/applicationDetails.do?activeTab=documents&keyVal=ZZZV0PKBWR434, https://planning.southwark.gov.uk/online-applications/files/5767582DA85B30FFB5F00CBCA66064AF/pdf/18_AP_0737-Viability_Report-555512.pdf
ZZZV0PKBWR434, https://planning.southwark.gov.uk/online-applications/applicationDetails.do?activeTab=documents&keyVal=ZZZV0PKBWR434, https://planning.southwark.gov.uk/online-applications/files/702FA9DAA80C9959D64B05AD7204C482/pdf/18_AP_0737-Viability_Report-624393.pdf
ZZZV0PKBWR434, https://planning.southwark.gov.uk/online-applications/applicationDetails.do?activeTab=documents&keyVal=ZZZV0PKBWR434, https://planning.southwark.gov.uk/online-applications/files/21D0E173D3C83658BEB86856389C005C/pdf/18_AP_0737-Viability_Report-634702.pdf
ZZZV0PKBWR434, https://planning.southwark.gov.uk/online-applications/applicationDetails.do?activeTab=documents&keyVal=ZZZV0PKBWR434, https://planning.southwark.gov.uk/online-applications/files/7B68698A3D2355D35BF52AFFD5068922/pdf/18_AP_0737-Viability_Report-493060.pdf
ZZZV0PKBWR434, https://planning.southwark.gov.uk/online-applications/applicationDetails.do?activeTab=documents&keyVal=ZZZV0PKBWR434, https://planning.southwark.gov.uk/online-applications/files/36B6D53C722A1F26670E2187939C6BDC/pdf/18_AP_0737-Viability_Report-566631.pdf
ZZZV0PKBWR434, https://planning.southwark.gov.uk/online-applications/applicationDetails.do?activeTab=documents&keyVal=ZZZV0PKBWR434, https://planning.southwark.gov.uk/online-applications/files/6AA4DF0596D4BFAFA2AABC93BC2397AF/pdf/18_AP_0737-Viability_Report-718157.pdf
