ZZZV0SKBWR413, https://planning.southwark.gov.uk/online-applications/applicationDetails.do?activeTab=documents&keyVal=ZZZV0SKBWR413, https://planning.southwark.gov.uk/online-applications/files/26E4A7B618E19ED1EA27CC47BE8C7038/pdf/17_AP_4596-Viability_Report-505100.pdf
ZZZV0SKBWR413, https://planning.southwark.gov.uk/online-applications/applicationDetails.do?activeTab=documents&keyVal=ZZZV0SKBWR413, https://planning.southwark.gov.uk/online-applications/files/D520AFB6ABC60D8162F13B25B3315DC0/pdf/17_AP_4596-Viability_Report-613691.pdf
ZZZV0SKBWR413, https://planning.southwark.gov.uk/online-applications/applicationDetails.do?activeTab=documents&keyVal=ZZZV0SKBWR413, https://planning.southwark.gov.uk/online-applications/files/01BFDA13CF9AE8E1B0634E28BF029A6B/pdf/17_AP_4596-Viability_Report-664306.pdf
ZZZV0SKBWR413, https://planning.southwark.gov.uk/online-applications/applicationDetails.do?activeTab=documents&keyVal=ZZZV0SKBWR413, https://planning.southwark.gov.uk/online-applications/files/9A53AAF756FBFE8297E0B74C2F9A26CC/pdf/17_AP_4596-Viability_Report-687438.pdf
ZZZV0SKBWR413, https://planning.southwark.gov.uk/online-applications/applicationDetails.do?activeTab=documents&keyVal=ZZZV0SKBWR413, https://planning.southwark.gov.uk/online-applications/files/F46BEC6680F6BCFE067337C0DBF54FE4/pdf/17_AP_4596-Viability_Report-460065.pdf
ZZZV0SKBWR413, https://planning.southwark.gov.uk/online-applications/applicationDetails.do?activeTab=documents&keyVal=ZZZV0SKBWR413, https://planning.southwark.gov.uk/online-applications/files/9C354A8839E175BA9B07E91EF5980E9F/pdf/17_AP_4596-Viability_Report-503032.pdf
