ZZZV0QKBWR376, https://planning.southwark.gov.uk/online-applications/applicationDetails.do?activeTab=documents&keyVal=ZZZV0QKBWR376, https://planning.southwark.gov.uk/online-applications/files/07463678C879FDA85AB2460BF3FEDCF5/pdf/18_AP_0196-VIABILILITY_EXECUTIVE_SUMMARY-797562.pdf
ZZZV0QKBWR376, https://planning.southwark.gov.uk/online-applications/applicationDetails.do?activeTab=documents&keyVal=ZZZV0QKBWR376, https://planning.southwark.gov.uk/online-applications/files/5EF33C103433D43195A3B862DD7103DC/pdf/18_AP_0196-APPRAISAL_SUMMARY-797563.pdf
ZZZV0QKBWR376, https://planning.southwark.gov.uk/online-applications/applicationDetails.do?activeTab=documents&keyVal=ZZZV0QKBWR376, https://planning.southwark.gov.uk/online-applications/files/EFEC4A834D1DCDD93EA76765EEFD15FD/pdf/18_AP_0196-ECONOMIC_VIABILITY_REPORT-797564.pdf
ZZZV0QKBWR376, https://planning.southwark.gov.uk/online-applications/applicationDetails.do?activeTab=documents&keyVal=ZZZV0QKBWR376, https://planning.southwark.gov.uk/online-applications/files/0452FF0705131E9354B21093D3CA2B87/pdf/18_AP_0196-Viability_Report-726882.pdf
ZZZV0QKBWR376, https://planning.southwark.gov.uk/online-applications/applicationDetails.do?activeTab=documents&keyVal=ZZZV0QKBWR376, https://planning.southwark.gov.uk/online-applications/files/403904F7B7F90A41C1A6C1943D549E61/pdf/18_AP_0196-Viability_Report-661658.pdf
