ZZZV0LKBWR896, https://planning.southwark.gov.uk/online-applications/applicationDetails.do?activeTab=documents&keyVal=ZZZV0LKBWR896, https://planning.southwark.gov.uk/online-applications/files/8B223D02FE5EBAD376B96698DCC80AFE/pdf/18_AP_3246-Viability_Report-734791.pdf
ZZZV0LKBWR896, https://planning.southwark.gov.uk/online-applications/applicationDetails.do?activeTab=documents&keyVal=ZZZV0LKBWR896, https://planning.southwark.gov.uk/online-applications/files/4D20F424521BFAF9BA1B7E30FBD41999/pdf/18_AP_3246-Viability_Report-749222.pdf
ZZZV0LKBWR896, https://planning.southwark.gov.uk/online-applications/applicationDetails.do?activeTab=documents&keyVal=ZZZV0LKBWR896, https://planning.southwark.gov.uk/online-applications/files/47587E7DBD93A3DE4782EC9B2F0D8487/pdf/18_AP_3246-Viability_Report-752692.pdf
ZZZV0LKBWR896, https://planning.southwark.gov.uk/online-applications/applicationDetails.do?activeTab=documents&keyVal=ZZZV0LKBWR896, https://planning.southwark.gov.uk/online-applications/files/2A958831EF9BE6C28510FDFD41279031/pdf/18_AP_3246-Viability_Report-768152.pdf
ZZZV0LKBWR896, https://planning.southwark.gov.uk/online-applications/applicationDetails.do?activeTab=documents&keyVal=ZZZV0LKBWR896, https://planning.southwark.gov.uk/online-applications/files/1E009510717FE07A1C73B0B717DC73BC/pdf/18_AP_3246-Viability_Report-533604.pdf
