ZZZV0TKBWR233, https://planning.southwark.gov.uk/online-applications/applicationDetails.do?activeTab=documents&keyVal=ZZZV0TKBWR233, https://planning.southwark.gov.uk/online-applications/files/AB5ED4A37C250DB5333E21AA5C8A44AA/pdf/17_AP_1314-Appeal_statement__appellant-721438.pdf
ZZZV0TKBWR233, https://planning.southwark.gov.uk/online-applications/applicationDetails.do?activeTab=documents&keyVal=ZZZV0TKBWR233, https://planning.southwark.gov.uk/online-applications/files/5404208759F2ADD9BA1C5ECF4A6163BA/pdf/17_AP_1314-Appeal_statement__appellant-760028.pdf
ZZZV0TKBWR233, https://planning.southwark.gov.uk/online-applications/applicationDetails.do?activeTab=documents&keyVal=ZZZV0TKBWR233, https://planning.southwark.gov.uk/online-applications/files/62B0F30A44BFF4B3B5BEC2EA2DB52093/pdf/17_AP_1314-Appeal_statement__appellant-777124.pdf
ZZZV0TKBWR233, https://planning.southwark.gov.uk/online-applications/applicationDetails.do?activeTab=documents&keyVal=ZZZV0TKBWR233, https://planning.southwark.gov.uk/online-applications/files/69827A9E3F9DFF775FD0F5FDF08EF2C5/pdf/17_AP_1314-Viability_Report-456133.pdf
ZZZV0TKBWR233, https://planning.southwark.gov.uk/online-applications/applicationDetails.do?activeTab=documents&keyVal=ZZZV0TKBWR233, https://planning.southwark.gov.uk/online-applications/files/84D6A7A97A85489ABC91B64FFEC92B6F/pdf/17_AP_1314-Viability_Report-574571.pdf
ZZZV0TKBWR233, https://planning.southwark.gov.uk/online-applications/applicationDetails.do?activeTab=documents&keyVal=ZZZV0TKBWR233, https://planning.southwark.gov.uk/online-applications/files/45DCE7C1ECBA5339D37D34ECA8BC0B72/pdf/17_AP_1314-Viability_Report-651831.pdf
ZZZV0TKBWR233, https://planning.southwark.gov.uk/online-applications/applicationDetails.do?activeTab=documents&keyVal=ZZZV0TKBWR233, https://planning.southwark.gov.uk/online-applications/files/AE2174B06AE39587377A21B482659682/pdf/17_AP_1314-Viability_Report-653511.pdf
ZZZV0TKBWR233, https://planning.southwark.gov.uk/online-applications/applicationDetails.do?activeTab=documents&keyVal=ZZZV0TKBWR233, https://planning.southwark.gov.uk/online-applications/files/407860A974D408B4B3FF8AE6E09F902F/pdf/17_AP_1314-Viability_Report-684757.pdf
ZZZV0TKBWR233, https://planning.southwark.gov.uk/online-applications/applicationDetails.do?activeTab=documents&keyVal=ZZZV0TKBWR233, https://planning.southwark.gov.uk/online-applications/files/006A63929E5F62EEF4339F6BA2DC59BC/pdf/17_AP_1314-Viability_Report-508964.pdf
ZZZV0TKBWR233, https://planning.southwark.gov.uk/online-applications/applicationDetails.do?activeTab=documents&keyVal=ZZZV0TKBWR233, https://planning.southwark.gov.uk/online-applications/files/3979C19529E6C3D9E7B0553892B553C0/pdf/17_AP_1314-Viability_Report-534921.pdf
ZZZV0TKBWR233, https://planning.southwark.gov.uk/online-applications/applicationDetails.do?activeTab=documents&keyVal=ZZZV0TKBWR233, https://planning.southwark.gov.uk/online-applications/files/05212651732B24BD1827F4E34DD633A4/pdf/17_AP_1314-Viability_Report-606284.pdf
ZZZV0TKBWR233, https://planning.southwark.gov.uk/online-applications/applicationDetails.do?activeTab=documents&keyVal=ZZZV0TKBWR233, https://planning.southwark.gov.uk/online-applications/files/6AD64BFA90585DF1D93043F1A49E6CE0/pdf/17_AP_1314-Viability_Report-670053.pdf
