ZZZV0TKBWR440, https://planning.southwark.gov.uk/online-applications/applicationDetails.do?activeTab=documents&keyVal=ZZZV0TKBWR440, https://planning.southwark.gov.uk/online-applications/files/3F278AA67853BEDFFB2BBBEAC6F12AB0/pdf/17_AP_2330-Viability_Report-645778.pdf
ZZZV0TKBWR440, https://planning.southwark.gov.uk/online-applications/applicationDetails.do?activeTab=documents&keyVal=ZZZV0TKBWR440, https://planning.southwark.gov.uk/online-applications/files/F6239EACADED720ACA2057C7B8A9169B/pdf/17_AP_2330-Document-649951.pdf
ZZZV0TKBWR440, https://planning.southwark.gov.uk/online-applications/applicationDetails.do?activeTab=documents&keyVal=ZZZV0TKBWR440, https://planning.southwark.gov.uk/online-applications/files/D51B84BF4AFCDDD32D797209A9269E45/pdf/17_AP_2330-Viability_Report-531065.pdf
ZZZV0TKBWR440, https://planning.southwark.gov.uk/online-applications/applicationDetails.do?activeTab=documents&keyVal=ZZZV0TKBWR440, https://planning.southwark.gov.uk/online-applications/files/B5699E60EFD52386CF3E8544A444A38B/pdf/17_AP_2330-Viability_Report-641767.pdf
ZZZV0TKBWR440, https://planning.southwark.gov.uk/online-applications/applicationDetails.do?activeTab=documents&keyVal=ZZZV0TKBWR440, https://planning.southwark.gov.uk/online-applications/files/8C8C1284B665298AD4EED215EDFC04C7/pdf/17_AP_2330-Viability_Report-662552.pdf
