ZZZV10KBWR722, https://planning.southwark.gov.uk/online-applications/applicationDetails.do?activeTab=documents&keyVal=ZZZV10KBWR722, https://planning.southwark.gov.uk/online-applications/files/E375ED66FFFDEF3776011108B5B09C0F/pdf/16_AP_2051-Viability_Report-462953.pdf
ZZZV10KBWR722, https://planning.southwark.gov.uk/online-applications/applicationDetails.do?activeTab=documents&keyVal=ZZZV10KBWR722, https://planning.southwark.gov.uk/online-applications/files/D435196029C3AF1949F673390BFF4206/pdf/16_AP_2051-Viability_Report-497989.pdf
ZZZV10KBWR722, https://planning.southwark.gov.uk/online-applications/applicationDetails.do?activeTab=documents&keyVal=ZZZV10KBWR722, https://planning.southwark.gov.uk/online-applications/files/5080252452E216D38CDCBDF292CC54E3/pdf/16_AP_2051-Viability_Report-507312.pdf
ZZZV10KBWR722, https://planning.southwark.gov.uk/online-applications/applicationDetails.do?activeTab=documents&keyVal=ZZZV10KBWR722, https://planning.southwark.gov.uk/online-applications/files/8BF7646F21A30B7B60D37E19047FE8FF/pdf/16_AP_2051-Viability_Report-525315.pdf
ZZZV10KBWR722, https://planning.southwark.gov.uk/online-applications/applicationDetails.do?activeTab=documents&keyVal=ZZZV10KBWR722, https://planning.southwark.gov.uk/online-applications/files/02EC4FA4A2276E54071A2CF68ED7E017/pdf/16_AP_2051-Viability_Report-525789.pdf
ZZZV10KBWR722, https://planning.southwark.gov.uk/online-applications/applicationDetails.do?activeTab=documents&keyVal=ZZZV10KBWR722, https://planning.southwark.gov.uk/online-applications/files/230C7AA949095A5126732D3B6628A3FD/pdf/16_AP_2051-Viability_Report-537713.pdf
ZZZV10KBWR722, https://planning.southwark.gov.uk/online-applications/applicationDetails.do?activeTab=documents&keyVal=ZZZV10KBWR722, https://planning.southwark.gov.uk/online-applications/files/17DF95588F1E9BABA322389976644AAE/pdf/16_AP_2051-Viability_Report-603526.pdf
ZZZV10KBWR722, https://planning.southwark.gov.uk/online-applications/applicationDetails.do?activeTab=documents&keyVal=ZZZV10KBWR722, https://planning.southwark.gov.uk/online-applications/files/BA5E55A1ED4259F12B6814CC239F1BD9/pdf/16_AP_2051-Viability_Report-605722.pdf
ZZZV10KBWR722, https://planning.southwark.gov.uk/online-applications/applicationDetails.do?activeTab=documents&keyVal=ZZZV10KBWR722, https://planning.southwark.gov.uk/online-applications/files/C639A4BB1F3C6EA1660ED593D7239AB3/pdf/16_AP_2051-Viability_Report-607753.pdf
