ZZZV0WKBWR574, https://planning.southwark.gov.uk/online-applications/applicationDetails.do?activeTab=documents&keyVal=ZZZV0WKBWR574, https://planning.southwark.gov.uk/online-applications/files/C5154312C03E2D32F6B62BB9A5AEC7F1/pdf/16_AP_4458-Viability_Report-509778.pdf
ZZZV0WKBWR574, https://planning.southwark.gov.uk/online-applications/applicationDetails.do?activeTab=documents&keyVal=ZZZV0WKBWR574, https://planning.southwark.gov.uk/online-applications/files/B8E59ACCBE6F018FCDE0BFF1A1B3D96B/pdf/16_AP_4458-Viability_Report-469273.pdf
ZZZV0WKBWR574, https://planning.southwark.gov.uk/online-applications/applicationDetails.do?activeTab=documents&keyVal=ZZZV0WKBWR574, https://planning.southwark.gov.uk/online-applications/files/D6075B2216469590D4DDA6722F9500F5/pdf/16_AP_4458-Viability_Report-480182.pdf
ZZZV0WKBWR574, https://planning.southwark.gov.uk/online-applications/applicationDetails.do?activeTab=documents&keyVal=ZZZV0WKBWR574, https://planning.southwark.gov.uk/online-applications/files/C0B66BB76FCA7ED30F4248648A0CA8F1/pdf/16_AP_4458-Viability_Report-511864.pdf
ZZZV0WKBWR574, https://planning.southwark.gov.uk/online-applications/applicationDetails.do?activeTab=documents&keyVal=ZZZV0WKBWR574, https://planning.southwark.gov.uk/online-applications/files/7A8030AAD4A8BC9627236004479EB1F2/pdf/16_AP_4458-Viability_Report-531766.pdf
ZZZV0WKBWR574, https://planning.southwark.gov.uk/online-applications/applicationDetails.do?activeTab=documents&keyVal=ZZZV0WKBWR574, https://planning.southwark.gov.uk/online-applications/files/D5AB41D7794C11840210F9A718BF744B/pdf/16_AP_4458-Viability_Report-570482.pdf
ZZZV0WKBWR574, https://planning.southwark.gov.uk/online-applications/applicationDetails.do?activeTab=documents&keyVal=ZZZV0WKBWR574, https://planning.southwark.gov.uk/online-applications/files/8ED9DB0FD00484D075D4E0E69DBEC154/pdf/16_AP_4458-Viability_Report-578612.pdf
ZZZV0WKBWR574, https://planning.southwark.gov.uk/online-applications/applicationDetails.do?activeTab=documents&keyVal=ZZZV0WKBWR574, https://planning.southwark.gov.uk/online-applications/files/5CDA36701326615E9E7E055406E3D20E/pdf/16_AP_4458-Viability_Report-586191.pdf
ZZZV0WKBWR574, https://planning.southwark.gov.uk/online-applications/applicationDetails.do?activeTab=documents&keyVal=ZZZV0WKBWR574, https://planning.southwark.gov.uk/online-applications/files/D60D8C897BAB946AEA982006C95561C9/pdf/16_AP_4458-Viability_Report-616554.pdf
ZZZV0WKBWR574, https://planning.southwark.gov.uk/online-applications/applicationDetails.do?activeTab=documents&keyVal=ZZZV0WKBWR574, https://planning.southwark.gov.uk/online-applications/files/4301893D58F173129614A6198CFC5E1D/pdf/16_AP_4458-Viability_Report-650699.pdf
ZZZV0WKBWR574, https://planning.southwark.gov.uk/online-applications/applicationDetails.do?activeTab=documents&keyVal=ZZZV0WKBWR574, https://planning.southwark.gov.uk/online-applications/files/38B3617BBACE15DF5184EA2B08CF4967/pdf/16_AP_4458-Viability_Report-657928.pdf
ZZZV0WKBWR574, https://planning.southwark.gov.uk/online-applications/applicationDetails.do?activeTab=documents&keyVal=ZZZV0WKBWR574, https://planning.southwark.gov.uk/online-applications/files/59E76808EF16FB5019F597775CD9064A/pdf/16_AP_4458-Viability_Report-678111.pdf
ZZZV0WKBWR574, https://planning.southwark.gov.uk/online-applications/applicationDetails.do?activeTab=documents&keyVal=ZZZV0WKBWR574, https://planning.southwark.gov.uk/online-applications/files/E634B83087576A3B6C971A289EEBB17C/pdf/16_AP_4458-Viability_Report-697092.pdf
ZZZV0WKBWR574, https://planning.southwark.gov.uk/online-applications/applicationDetails.do?activeTab=documents&keyVal=ZZZV0WKBWR574, https://planning.southwark.gov.uk/online-applications/files/EDACE90FF2A2D67123B0C9EA816A8FFF/pdf/16_AP_4458-Viability_Report-697922.pdf
ZZZV0WKBWR574, https://planning.southwark.gov.uk/online-applications/applicationDetails.do?activeTab=documents&keyVal=ZZZV0WKBWR574, https://planning.southwark.gov.uk/online-applications/files/25618682E1B20B8FDB65D71F1BEF0909/pdf/16_AP_4458-Viability_Report-712405.pdf
ZZZV0WKBWR574, https://planning.southwark.gov.uk/online-applications/applicationDetails.do?activeTab=documents&keyVal=ZZZV0WKBWR574, https://planning.southwark.gov.uk/online-applications/files/551DD06C6338E93E665FB548D24FFACE/pdf/16_AP_4458-Viability_Report-593018.pdf
