ZZZV0VKBWR904, https://planning.southwark.gov.uk/online-applications/applicationDetails.do?activeTab=documents&keyVal=ZZZV0VKBWR904, https://planning.southwark.gov.uk/online-applications/files/9AFB1C3E7B47D25985749AA9694A2D34/pdf/17_AP_0367-Viability_Report-482294.pdf
ZZZV0VKBWR904, https://planning.southwark.gov.uk/online-applications/applicationDetails.do?activeTab=documents&keyVal=ZZZV0VKBWR904, https://planning.southwark.gov.uk/online-applications/files/B071F16F43FB12FB42D766AED233DBC3/pdf/17_AP_0367-Viability_Report-521467.pdf
ZZZV0VKBWR904, https://planning.southwark.gov.uk/online-applications/applicationDetails.do?activeTab=documents&keyVal=ZZZV0VKBWR904, https://planning.southwark.gov.uk/online-applications/files/57819CD53FE572911BE6A98C19A2606D/pdf/17_AP_0367-Viability_Report-522278.pdf
ZZZV0VKBWR904, https://planning.southwark.gov.uk/online-applications/applicationDetails.do?activeTab=documents&keyVal=ZZZV0VKBWR904, https://planning.southwark.gov.uk/online-applications/files/AA2F09A3BAD092D8408B711874739EBA/pdf/17_AP_0367-Viability_Report-548045.pdf
ZZZV0VKBWR904, https://planning.southwark.gov.uk/online-applications/applicationDetails.do?activeTab=documents&keyVal=ZZZV0VKBWR904, https://planning.southwark.gov.uk/online-applications/files/2AC43108247F937E0EC8D1C128A0D44E/pdf/17_AP_0367-Viability_Report-549270.pdf
ZZZV0VKBWR904, https://planning.southwark.gov.uk/online-applications/applicationDetails.do?activeTab=documents&keyVal=ZZZV0VKBWR904, https://planning.southwark.gov.uk/online-applications/files/C3AE29C0CA0ABFC5D072612D4897AF40/pdf/17_AP_0367-Viability_Report-591586.pdf
ZZZV0VKBWR904, https://planning.southwark.gov.uk/online-applications/applicationDetails.do?activeTab=documents&keyVal=ZZZV0VKBWR904, https://planning.southwark.gov.uk/online-applications/files/E4A36917D0DEFBBB9B5DEDB18FC82CD0/pdf/17_AP_0367-Viability_Report-622782.pdf
ZZZV0VKBWR904, https://planning.southwark.gov.uk/online-applications/applicationDetails.do?activeTab=documents&keyVal=ZZZV0VKBWR904, https://planning.southwark.gov.uk/online-applications/files/986455D6A19BE56840A0589FD6518405/pdf/17_AP_0367-Viability_Report-629437.pdf
ZZZV0VKBWR904, https://planning.southwark.gov.uk/online-applications/applicationDetails.do?activeTab=documents&keyVal=ZZZV0VKBWR904, https://planning.southwark.gov.uk/online-applications/files/DC394CAB700CC6994A9D487C7BFF8C7E/pdf/17_AP_0367-Viability_Report-681531.pdf
ZZZV0VKBWR904, https://planning.southwark.gov.uk/online-applications/applicationDetails.do?activeTab=documents&keyVal=ZZZV0VKBWR904, https://planning.southwark.gov.uk/online-applications/files/5219374864CFCF45E89FB43C0D56B2AA/pdf/17_AP_0367-Viability_Report-698644.pdf
ZZZV0VKBWR904, https://planning.southwark.gov.uk/online-applications/applicationDetails.do?activeTab=documents&keyVal=ZZZV0VKBWR904, https://planning.southwark.gov.uk/online-applications/files/7753BD206675F943FD1AAC39C5AE6336/pdf/17_AP_0367-Viability_Report-703872.pdf
ZZZV0VKBWR904, https://planning.southwark.gov.uk/online-applications/applicationDetails.do?activeTab=documents&keyVal=ZZZV0VKBWR904, https://planning.southwark.gov.uk/online-applications/files/3A5AD7A580972ED19FA9CDA776CB2287/pdf/17_AP_0367-Viability_Report-713504.pdf
ZZZV0VKBWR904, https://planning.southwark.gov.uk/online-applications/applicationDetails.do?activeTab=documents&keyVal=ZZZV0VKBWR904, https://planning.southwark.gov.uk/online-applications/files/0815586DEBF1B05A8A6E0861C691EB9B/pdf/17_AP_0367-Viability_Report-480188.pdf
