ZZZV0QKBWR388, https://planning.southwark.gov.uk/online-applications/applicationDetails.do?activeTab=documents&keyVal=ZZZV0QKBWR388, https://planning.southwark.gov.uk/online-applications/files/1AD36C31C9DE0EC8EE13600BE827DE84/pdf/17_AP_4797-Viability_Report-479901.pdf
ZZZV0QKBWR388, https://planning.southwark.gov.uk/online-applications/applicationDetails.do?activeTab=documents&keyVal=ZZZV0QKBWR388, https://planning.southwark.gov.uk/online-applications/files/32CEE0AE82E0709059DCD0E73E2EC43D/pdf/17_AP_4797-Viability_Report-493446.pdf
ZZZV0QKBWR388, https://planning.southwark.gov.uk/online-applications/applicationDetails.do?activeTab=documents&keyVal=ZZZV0QKBWR388, https://planning.southwark.gov.uk/online-applications/files/71DC062F02E4661D28578A17FB03BD5C/pdf/17_AP_4797-Viability_Report-504524.pdf
ZZZV0QKBWR388, https://planning.southwark.gov.uk/online-applications/applicationDetails.do?activeTab=documents&keyVal=ZZZV0QKBWR388, https://planning.southwark.gov.uk/online-applications/files/3C1909C0FAAB40AC5FDB6AD3000120A7/pdf/17_AP_4797-Viability_Report-572149.pdf
ZZZV0QKBWR388, https://planning.southwark.gov.uk/online-applications/applicationDetails.do?activeTab=documents&keyVal=ZZZV0QKBWR388, https://planning.southwark.gov.uk/online-applications/files/E5726FC0AC92AEA41109BAB790A88AB7/pdf/17_AP_4797-Viability_Report-626337.pdf
ZZZV0QKBWR388, https://planning.southwark.gov.uk/online-applications/applicationDetails.do?activeTab=documents&keyVal=ZZZV0QKBWR388, https://planning.southwark.gov.uk/online-applications/files/35AF951620DE3F6EDE25309A10B813CF/pdf/17_AP_4797-Viability_Report-707514.pdf
ZZZV0QKBWR388, https://planning.southwark.gov.uk/online-applications/applicationDetails.do?activeTab=documents&keyVal=ZZZV0QKBWR388, https://planning.southwark.gov.uk/online-applications/files/3262FDE684EFD65741F68CFC39B6F1EB/pdf/17_AP_4797-Viability_Report-559927.pdf
ZZZV0QKBWR388, https://planning.southwark.gov.uk/online-applications/applicationDetails.do?activeTab=documents&keyVal=ZZZV0QKBWR388, https://planning.southwark.gov.uk/online-applications/files/F46B8B9F0556817060CAEAC8A6C4DD83/pdf/17_AP_4797-Viability_Report-597390.pdf
